"{149w62rY42aZBox8fGcmqNsXUzSStKeq8C}",1707
"{1AjZPMsnmpdK2Rv9KQNfMurTXinscVro9V}",317
"{18ixwb5si3AQBpjkUA91vGE3ESoynXd95g}",290
"{1AEoiHY23fbBn8QiJ5y6oAjrhRY1Fb85uc}",115
"{132R8sHpyvdchXJjPD8cpsA6Pw4gmWrJS1}",69
"{173eCvWDT3PBZM8a4Fiac7dHTjJTYfNJry}",62
"{1KP72fBmh3XBRfuJDMn53APaqM6iMRspCh}",58
"{1K8Mz2g1FzNEUrZPDe4ffXJ5kqKnUYqG4L}",52
"{1JqrSXoWKcjpSr1bfzu7Gbyiyho3CYVKGu}",45
"{19h9GRcx1ABHPEzVpmWqqA9TTgug6JNcBc}",42
"{14bh9uqKzgqV6yqTqHbU2bdbpY3a8pktzR}",37
"{1At6BoXND9Bd2v58nG8ghXntNfvKA8YfXp}",35
"{1HRFyimD3gw1cZeujv16qbDdkVZzvWUHJ7}",34
"{177HgELfgYkwNoXn3B4tMfA9X6bECwdpde}",33
"{1J6D7xqYBUj49atDRPVBCA3L22NL6pviZJ}",30
"{1LMRafbNmzG9H5g3GaAWjhX7wSnCXGNHMs}",29
"{1BAhkiEGZuToy5HdyFSTUMAwFwfLkX2M1w}",25
"{18iEz617DoDp8CNQUyyrjCcC7XCGDf5SVb}",25
"{1HFZF6PwHcuremLVrwAUznKRr1VpmTqBrz}",24
"{16sd6wwNke2AXMKgmjJ3yMXivmEog8xAfq}",21
"{1MS4zNjpMKqNmPC3Mq1gAp2tYNQB3bbrmP}",21
"{12dGtJF5dM4QPZfYwZk7nsY8ABRZo4LBJh}",21
"{1CRfmhUmjQRTuP4jnPPtUAffbkL6Dvfn73}",20
"{132ckcKGxofNhZfG7bm9dv8kZGtVpNHwpr}",19
"{12mPaFLrUsqr18eh5LxJ2vjda4Tj79YNzB}",19
"{1Fj8QatpHtV3FuqxhUEeYK8kmGcSN3EN3n}",19
"{1HyqQaTQmUT3FpnNMCBcpjBFv9BS7dnbZL}",18
"{1GnBAQXrjsJPtLD41p4nMKWGiJvhtGDwST}",17
"{1Hx2Mz59JgTELeAgwpyMKpc35MqY5Rm5B4}",16
"{1MG5UCeoUbQyGteP4ze1CYCbSuR9t9y7oa}",16
"{1Haq892MR5i9tHymDBAa13yFaGqsorMjYK}",13
"{17d3wUL8m2gmi3CAYB77n381vK6z213M5u}",12
"{1CmkmKftbxc27YcySVw25QzdhLG5P5y82Q}",12
"{1EeYeuEPWv3xWKGZ41QeLX515TkmQv5iA3}",12
"{1Hpb5KmRWwseh33e5Jd3Pn7ULSsDix19N2}",11
"{19MNqUeDa78NfuSzJttaWbXVavc7mRZqj2}",11
"{1LxiKcy5SH5RtPCqkEVeotw2JX5r5VLYYG}",11
"{1HmtPJehWEHoVm5im1sRrEh4ivfFtSLwKC}",11
"{1Cvhg97rjbPLXKCBYVU6Qt5H9eb75neQnx}",11
"{1CLjRj6Ff6WKf8MJYc1kpbNXF2Lgr3eAer}",10
"{1Nz3P4pRebLsaJft83qYMTRvVsurN3BGKw}",10
"{1JNrW6qR2KC9WQT5KHd7aaWKbmUCWp16dq}",10
"{17UYrYUqn4NDfgEq2EHr5qz62WRu4DGraT}",9
"{1CFR9kkrnXEmJnXyzwkQRAryCHmKZ9XaDU}",9
"{17nKbdRW9pd7kco5fGcyHrbJxQepdWVWy1}",9
"{1LMLFYedHSYBYDf6B1QEi1eM3gCHHB96gt}",9
"{1DZRHEosYzHfcARZSQJBMKWyLp9TuUhygy}",9
"{15K49Q54yrHgJCKs33RsdaGhJh4Cge99MW}",9
"{1LbJLb2kgqA2aZo5radKYsQP27wi7oNpis}",8
"{1Jbe1c8Z3k6FeF4q3FhMzjgsqxh91SxRXo}",8
"{1AB1miU4GoRQzDggszBYd1gdMZqU265AUN}",8
"{1Q62f7bkkd3FUg7RrrEPwPmEZZGQhspNGF}",8
"{1DAQ2wmgcmFoDTFJ3jUmmzQczYRmeWkeLZ}",8
"{1FPbuf6qGM4UvmyVLwZ42eXmXqTZTChWje}",8
"{14zcNgMGuxWv5bb91jqibshwX8d5Q954Bq}",8
"{12N1Z763yEMqKGGXTmWmMunhVim5CggcrX}",8
"{1MPXvqtB923bhA22ru11TacfCagY3Chwhi}",8
"{1PejiRQcz65paGK9vs5iu1iA4qoXQCscQy}",8
"{1N4hjEZd2KEz6d2Cd8JVCfJFvNJAQDtX8P}",8
"{18GMEYE468HGTcEr5Nj2v8uC8Fiv5MNZGJ}",7
"{1J8kNsXiDkoaHH54UidfhQya3ztH4CVWhF}",7
"{1HZHtdkkrCgTpXzNah1s825SedX1zFj7C8}",7
"{12bVTY5ZkmGXQoTYFgLrF7xdQeAKto6DT3}",7
"{1CgRV3xjTSnWKj37w7zs8Tc4yc22xFygb3}",6
"{1CCetcghJh8GcDbE2BjBaJArygYCoruCHG}",6
"{1C4HXC1UK3b3ewKtySG2XaHz4wicE5iqwj}",6
"{1BFguNQ3CWURg8TTqkiowF9dWbh4dgcqo4}",6
"{1Dv38s2aEn3dU38DdL6MXvcUPo4ws2mnWN}",6
"{1GxSaCJxDoSA2rS1fUp9ozQgsV9U64UGSb}",6
"{13NKTcbc7Tjhs2cSywwDF4qTihqdW5FJzu}",6
"{15qkjgvS11awYjyC7YoZ3KCgkXuNwQRaXv}",6
"{1EmNKwkfxfVBiEJo8qRa7UfZTLXERYJm7E}",6
"{1M3oQzqk7TiPbxY8CqWNBd2czMa8NpgVxF}",6
"{13wWnCAZUKM2eBb9fYKfkenK4wsQKiiUPx}",6
"{1LysaXN5BbfL1FQcQRNLVs2KFPoNhgeNZ9}",6
"{19bJ2pXT8cEPDS1FCYatYX5QohnV7Rnvyv}",5
"{199mTAvoE5URLSovHDUwcJsTcviTrVEA2y}",5
"{1GbvmuaQTbPiLYhFxjowiRPy4BR6UeEKhS}",5
"{1Fz1vD25Lfz2f8etMAEf3Lfo61YjBFKGxN}",5
"{1Dzms4coJ6BnJocxeicLykS7MnEtt6RQTV}",5
"{15MExBr8yweakyY5jDJz3mZVuuDB5KrUUW}",5
"{19uVk8uzQwTnLJYXTyWH5pihmpYPWdfm2Q}",5
"{1D8M8Y99QNdeoDJPEXZRbAHrm2BCvkYXB8}",5
"{1Q6T6hGvRUZBzWtMB38kE1qxw2N9RoRBnY}",5
"{18EnkSexV3wjY6rmbBeziGunbP72Y9U1du}",5
"{1Psk3JsaE97rubL9mu9GqM4S9yj1hmhtQe}",5
"{1CTCrcgCzvVQn4KFm5AgoyeHH5fJW6ajdG}",5
"{17HsiiF9q5hzQLP31stAigDSrRBGqj7uXz}",5
"{1Frx1yLmQDfwW7qwbjzJcmhSLV5UXbDqHw}",5
"{1PuCT8f5Wk9MhBN3xPBE2r3BArkjyF24vP}",4
"{1GLWrDUYcLxFpxsbRXVQgkP2ooXUt1oNvs}",4
"{13tvAGyKMGeUPck4yUFKffvWGTDESZE6xV}",4
"{1JWZ4gTAFcWYj7W4qq5XbpPKEvPSghnnda}",4
"{1AUvX11NzrtrZUho6yTdp7KBooyAMBcGY7}",4
"{1GZQuQnPzBr5thipDapTBGqLcQW1Ruz2nr}",4
"{1ECe37xTBbyXxZ5DhxYbw85tJttQ7zy8pd}",4
"{1HB6hmcTeCLjeLBcafLx5ZpMTbXKWMn9m4}",4
"{1FCALPEBJjwxUJmPQHohabMCEgGuXZ6B6j}",4
"{1DsfbSx7miVyAztDacdDPmvMjPYKvQAHoW}",4
"{19ik4sK6mGnTgqKe9EcHxgFmTyQFJQHBsi}",4
"{1E4wTaMR2Tgyf9NVhQDvk5nWHYfE5Lrpgy}",4
"{16jMEqCjJn91ckzbw7MpKmc2ivG5PguYTB}",4
"{1AXEDzWtrYHBypc7yjByF4457svsuaM9Xm}",3
"{1KAeAQ3tWeQ3B7sQak9dWed4nj76HVaari}",3
"{1JpzmkutgYkHZ8kAprdW3BVSVgLitE7J7G}",3
"{1Hy3yJDW23FBXdco1edFv8xJ6Q7w9po4bR}",3
"{13axjN3e7hRSKwP1SUcbvU2Mk6oJi1pdM5}",3
"{1FKyUwJicY5GQWFzFBsoq6ZbPUA1iH8dbY}",3
"{15NaroT4CuEVswUcMvSHMVXeJynSd5LZVr}",3
"{13CHWK2e4gB7CS9KdR1cNy1J8mwj6E6AAL}",3
"{14FTQGLQEwndyctnHSxwDVMHmKnjER3DqR}",3
"{1JukPadus2HCjmXWpMyac9Coobzd3AMSnt}",3
"{1FiJZbEPxEhyejt9AYUyZqhVrAz7zmD8S7}",3
"{13CtRbwChs6jrC3WDP7XxU5EzSmQ3eAhvP}",3
"{1vtbjSigZsfg9APnoANQUpG3nsYczRPy1}",3
"{1JpGVe6bGeeLZZN6kno7Mwt3KXesWdu3Tx}",3
"{1HrYXbD156rr4NXNXUQXcQRUrpsZsdK5Jt}",3
"{1QJCsWZ8CCrwECfyxxfcegrvNAbJbg9Zks}",3
"{152k2fQnttYX9BLTnHge9mnJeZNeKkwX7t}",3
"{1E5XCdK29D1ZJ1PCwb4QMQK5ykwTyb3xex}",3
"{1AvxVKVYdi4tCuh7e6Xz3yxdGcmhURZkEF}",3
"{188G3tCxaq3WuSXTww7w821iEgUpYhwsq8}",3
"{18SP4vGAsTpd8yGjQ9GABQu7AKVaSHhAbs}",3
"{1NE4Do4DZg9GuzRq7sruvvnTgpG27xGDWx}",3
"{142JLE7k21dubJWKumgeFRA8cBga9BEWUV}",3
"{1Ga2126kt8LjDydfnkiHsVeraoza2bFKou}",3
"{1HGhCRoGbsvXm2dWrvN9PHnHcuLtKhvKyL}",3
"{1FC8MEbXZsgmG8q86DQTwNy1hsTiwSCTmy}",3
"{12vNSdg6TeS259ZJBuJu2xZrAqVkmNqSu9}",2
"{19QiXsxYQN4QwkdDq2ee72QKVvjbCU65ye}",2
"{13YooSYj267bUgRBny74esCGm4VKcMsJAE}",2
"{15dv1zNWJEa6t7dcSXGa9JDCUPFYNeGo6G}",2
"{12auVFnXMMizCSAfFLXYpgtkAgvgpC34np}",2
"{1JwoR6p8sBmh62GKm16ZWChP63CVAESUSo}",2
"{1B5MG4Hnxo5cnWKb3C8Zxt82yxdRb8AMmr}",2
"{1GkYLJ2Vsq5qXpZYGuqjDpknNiin3tiukT}",2
"{1NZe4jSrKsjLHbYUpxSvXqVtKvesbHVu7F}",2
"{1HJefw65SQi2HeWys3B4ZsinbpLifmNSbs}",2
"{19taqqVnko8Ujg549mS5QztYuczaAj4TVq}",2
"{1GTTj2YiHZc1JF6wdY956QHTAKQDYCdwNA}",2
"{12iz6uan4nWLU4xpuebxjdM8oJqcvKGM62}",2
"{16z2bKh7tLyxKKcM6wutqTGB7MyHPPR3ym}",2
"{19jZ4bUspCa6zEKHyuxvnm3yWdYLk5na7k}",2
"{1C4dn8d9cRkbFKWHQGwXWG9kzGGViMZ2yw}",2
"{1HBwtE3ijt7ceMJJZ3ELfsUQ5scLTcguiC}",2
"{13Hs65DrTNJfGC7Nvdvv1WL2kMf3vXpdCf}",2
"{1Pf7ZDS6hmHNZHHkL9WRmRWoLpqJ1TeVTe}",2
"{1LYWiERCo6m7fEykJ4uuHuCtmeokV4haPy}",2
"{17QX3c8qh2zVCrRFidcLi6JEuaXx5J3EYC}",2
"{1PMeia8xa4c3CnoAw3C2EPsXbeoTSpPm89}",2
"{15GStXVRzaFEvJtA41CKfd5WmxPiEZ2fSe}",2
"{1KMYBUHzLwgJCXU6NotVUFDkaCQHnMD7Ek}",2
"{1PARbtVpdQ2DpkMHRvYkkkuSGgSDVpFrSF}",2
"{1LaNYWVS5dq3FvXvA8PUK6hByQrGR7BTzQ}",2
"{16aGi4L4navwgK3nyGzkFuXbSu3HYPtJHL}",2
"{14oc1oA2uuybtFUnyxJVkwKtDyNk5gXgDv}",2
"{1MoWyT8Perux324bpWDhBdh1eTtvR8gw72}",2
"{1FXUajdhKTjknLVq1VK38CcsdxLgytJM2E}",2
"{1NXVijH9dvaLD93UkJ2xxyd76831mXX4zg}",2
"{1BrQiciWXRtyoT3JDquQhKDKiWtYVLy2rv}",2
"{1HwbWAqoqL5cytfZRCoaD3P4WwtdeVjjs5}",2
"{1LZRPrhDh3b9EAs26jKhG2tmYNrJ9TC2cw}",2
"{16XfNSRrUuLy198aFX3F13shEoRPzNcKdY}",2
"{1GTxj5VvnMDqHvGTdzyxSP2n2cGQBELZ6c}",2
"{1FiqZ8kvve4H6kNM377wZoVM4vZv7rUrVf}",2
"{12GtimBbqDvXrT5ExxoyWMKQHwwGSvg5iZ}",2
"{13oyQKhsb1PhEMfNyj2fEkaDMbhKCpWv3j}",2
"{1KFqey6J9NP2vvUCpgEuvk22iFysVqCSPt}",2
"{1AhNqm4nPTLCPLHmYuPaoNiVbxbMvnYqxu}",2
"{1KMSt9JPspuszaNEaGA85afwhviG3hPsCE}",2
"{1PwVZy5UBwvJ8KmmS9pe2AuQTv4nyjHywe}",2
"{1AQHyJMVoro6REmNdb6q2LLmj8Ci5EQaSE}",2
"{1CrfUuTxjtjRBo9BBPbozqsUU74RHTDEua}",2
"{1Jbrbj66UWqNLxoMcmxxtnDPA9oDTRzKej}",2
"{1F17BAk9BAT4GFzc1L1pc8R1dyDGepqb78}",2
"{18epejFt7wA1qUrQPsFNt9KSwVo57mYd83}",1
"{1DXFJ9L8i8YTQomQnF9s7mmFwsBQ2UtDwy}",1
"{1Fpg89LmrdWvCtkTZF4eTccCdoCrSqniGh}",1
"{1GKKgv1ti6KyCwTR7qeUAzGJMgpM5CQG25}",1
"{1HsuVCVJaxqiv7UsPoG4HvHCmDAhtHtE9R}",1
"{14AX3nqeZFaet3MbKtFWcQVCT3yJAT6pzC}",1
"{19GiP1bC5qYmyoxqBmeHcFoAdRgyk1C37K}",1
"{1CxHPQfAbzMbXLvrewzyJS1d2j1qQ3Man3}",1
"{153RFdk3UJ1pZqd4hBVeguiPxphEfoujyG}",1
"{127tTWffUF93qp9jBjPiayBGpiKG9JgMfC}",1
"{15Kgbsv1GpF2fHcV3t1xBKoYk9RywwDWe3}",1
"{1PBZGajyhi8M9436Amt4SYLf9r2BMHCEPA}",1
"{1Fu4ZtjsiwoWWkrzFKeLcLzMCoWb7h8iXf}",1
"{15rkjyqBoKWTjbQSb12jCxAyBEYHm515GK}",1
"{1PDEFwCuYBt1t2hny85Bvac5bJTZsJaftr}",1
"{129U88iERn5dpjm2gdeaJBQWA87zeiULY2}",1
"{12EEdNrva2FgqMHv33Maj8mNXXgWRy17Lq}",1
"{1JzbvZ8zvWecnf6k7rp5isW9QQfpHpXZrT}",1
"{1MCJg35DzCuxd6JTQiDEhK2m5rVRcgFwxj}",1
"{1CtFWbp44gvmejR93rbjjBNGogsb1vdN8R}",1
"{17fK93pKA6eAmqBB4vefWyi1AXyjTYr5ZY}",1
"{1EjoQZ5Rzoc3ZiJcP2doHxDh3NyZpGdhx5}",1
"{1J2vjU43q7Ga9moLvMz6vHEZtFGx5cTien}",1
"{1JYJTrqDfZK9jXUwrQ9zb5EndTWRDAHKis}",1
"{1PwsadYujh5RQMpp7QCedWshvbhkEMbrA3}",1
"{15UuRJce34S4NqaEwkCrdw3BFSFdB4TyZt}",1
"{1LJusykjpqSbBU4LJwaRak41SHdPqyjf1a}",1
"{12dvJyX6pzPxNvTi9u11RpDARHXsCjuy75}",1
"{1PgttDwaoBn9fT1yCSS9SqW2y7XvutQhoD}",1
"{1M5GHvYVAtwJ9aZi2GWiNpNQwcimYReXqs}",1
"{1Azj2voL5AnDnGeND6DxjUVtv5MUNLkcok}",1
"{1FWMMeLcSEowNZQqihvtNUA3QnMXTWdjkA}",1
"{18KoxE5QjASmtQoanJa2AFphtjqWvYJabx}",1
"{1FJ5ka9LhzYXtnWxR2Eg5Vz3J68dqRVfnf}",1
"{1548XtfEVgbKjkzbB3KeZUcmf8vyWWZcae}",1
"{1PFdNRASdBV3sLEmZRgxR8ZC1U1s36Zjkc}",1
"{13LihD38jd8Tsmr6YZLAqFMSDWHebXe88N}",1
"{1F9W8EmdJsQ67FygDAFxcKtefQqYCbyivN}",1
"{13wLbTLLkUgZCkeREDQEzmrhms4hQtqViY}",1
"{1MSFtiA8DfnpxGJsUg7adc4q5T9rSFDnvC}",1
"{17TgFQqurkG1ze4aHzjW9mXjekywvPoHk5}",1
"{1BwknQgBUPGXbc7GnPrscdyoYqHieZvEAk}",1
"{1QDSsu2oNhj8BcVXrgTXCXgYkHZ7kH9qx9}",1
"{1K5jNeFdq5KWdyPuPBpodmgzGJaGmVExhm}",1
"{1F5USwafW7bbgzPU7xcnaV7FJztBgGLzt7}",1
"{14HBfQk71U44ov8Tg7WgdEKutm3nP5oqrB}",1
"{12Z71WcLDC6pLQiyWATU2xx91455PeE3ki}",1
"{1ARTideV24Y8yHKfB5APPoabRffeuqdKhh}",1
"{1HEJo6qYfSxnFmCtGE7AzCE4hgBYPrdbt9}",1
"{1NcSH3gPBpbLeUE4WZGHu5JVWnh6JPwaJv}",1
"{1LmoZhPL7DXoNW82LmmzKTw1vEsoKUjK3F}",1
"{1NMiiPNGb93VwTXGrJY8FPvnLnq2ZSdct1}",1
"{165d1uBCceZvfG2RXkRHJY3px4GYNdTBtM}",1
"{1HEYE618LxL37EFSW1WKUoWkNMhPo2Hd3V}",1
"{1HYtcZdXwi2YRBr7JcqB5BCej7Zuts9Lph}",1
"{13PBA8pCYJTKWTVSzG1kcVfKhJ2cKQPKhu}",1
"{14UNup9ys1w5HCC3zEj7nynF7aSFCJiyNQ}",1
"{1AEhRR23Pg2tzWFPSjxNW52T2DDnbRpMGT}",1
"{16c1UiYKg72aL5Y2wopkuWgMC8rSHhgWZr}",1
"{1CTM19Ri6f47VqqD5JA8L2v6tytttHejqq}",1
"{1Dp9xaJ7vgpma9iyp9Xg4XDHZpX1qnW8RP}",1
"{1tP8PaTzUCyCfVahS71jV58ubtNn7zfhH}",1
"{15SMH5YbWuixjghZ5AubhWDkRFNfLLkS9Z}",1
"{1GABxutuqRpC2vLwTaQ8s7TNPWSBVVLsP5}",1
"{1CCuc7hReEDzPM8hbVRnKMtMncTD117yWt}",1
"{13QfgCjpBd6vWwjf4NPa6B8DejnjozYhCQ}",1
"{1N53V8f8NQPyHUHqj6e4mHCqrJsgsYMdq6}",1
"{1NPZWdqghuS1SufK25wJWKpb8Ub7BbC95}",1
"{1DvLkA7iv5BVbiSXLkT141UjYZew8xP1J1}",1
"{18upRKhpRr2GMtUW8cR6dWMNJEvzQXbQKc}",1
"{16AZ2L7HiKwTxG3chtzKs5qQQPeexkEELA}",1
"{16uYjskZ5e85aZfrbYVM9fthDTrhTW9GbV}",1
"{1FfpF7bcUNghqvWJfV8D7yeSwYMxKAgLSi}",1
"{1JM1NifNYWFyJBbw6DRAmXgzfWCvihvoHp}",1
"{17w9bMf2DEcDUbpfVFodb34LpJShHdCTRv}",1
"{18rqSx5LMf7PYvxw8QTKgJWUV4LLsRxQxV}",1
"{1LDKfUJGBEbso4gdbnJQ3HBm78H7hd1j6g}",1
"{1LK4EgUYGm5uE3xUWNr16nmYoYChn7TwQf}",1
"{1MEVHp2divX2HUKzYY3bFRcM7fWtn3XREp}",1
"{1JAdHKLyhUuE1W1Fwkqeseq5ybnzwFvM7w}",1
"{1KcCWoyq7YzBXsgoiEenXS7EtksmYFrEqb}",1
"{1v1hLeFZczCBQeuDRyKwjXrs5pKWqp6kB}",1
"{19Cx9zXJhfDoFsLpL5iyCMaXfCD8FAVcGQ}",1
"{1K7SGqhu5qzWQsSxP8Z8K2VCUTR4AphaU8}",1
"{1AoNBYpVUy5Me6kN7ufwaLBaFBgpGW9EgL}",1
"{1G78aJr3UJSJCa9Kvo6UgR256mMZ2BC2xe}",1
"{1K2SbvQSWtRaiUdvvPKNnuXhwm9wuHnKFx}",1
"{1G83cC32bsj7EoqTcW7w5gyZGVdztqAD75}",1
"{1P52Hgptcnre8ejGz6GtHsdwLQP9fPP3M9}",1
"{149DHg7KuLX5132CELLcf1zJ1tAi68mFNo}",1
"{18ePWwRrJvnH2YAS8bN9fPF1NT1Y91KLqG}",1
"{1M2JeWxEsgPK643KP3Y23RAHVKzxMoXtwY}",1
"{1Q4LkTm1MRR88jRUNSnegGyYi8MpqKMGMC}",1
"{18H4tdfhEMgPug98pY6UDFTFMxTzqnUhhQ}",1
"{12PXDTJFV84AWLoCiFNcd2Vd6wmukZWEDu}",1
"{1AdeHsocAtHwk47rc4xP4L7bGGXtpTMEY9}",1
"{1DCyZLjUbSCdWpqJqhx1pQhcPpz8CSA41T}",1
"{18VQRLUWGt8dE4B5Gd6yUqzBH1vozERMUb}",1
"{12QdTVrr9PodpSnP6uoFcJmudUVR6DNFBj}",1
"{1P6GDJ7NwsDygz6tyKPDGEuh4GRA6aXrgQ}",1
"{1GY2zSQN33EUdSx5GYosFFNoz5XmiaKun4}",1
"{1JLHc1VFhGo1KtKYnpBJmRwCimuSj1baHj}",1
"{15GPKoAvNjsK6Fzb1VmF6bxL8MmYcwUJas}",1
"{1FuSaQCKCP9FzvTToUXzJVfkBHvksTtmP5}",1
"{17xhPSYVFhRrsxWmX1pizKHmutCRHD33g6}",1
"{1592QxvdaHbFuAoiXaR7BBnmKrGtwLNVBU}",1
"{1C1TCi71raLkCSq6JP5DJh2Z1cPgnuxVuC}",1
"{1544c47YAMaHtgqmNmy86hPjJrmEaXxvdC}",1
"{1NqoLabo31gu3fopiTrWA3UVXkCVEmb9E7}",1
"{13S4DGMrq2FNeMCR6w3TQwVGGDN641kMTK}",1
"{1EKdXWq2RZqPKyfgY2FhzVsNGhkJB3aScJ}",1
"{1GQweUgXZAtzbgrTYCBveUmtmL9d8VTiRn}",1
"{1JsMYv9rEe1FCDfejvJyviRqnGf9pStZ6e}",1
"{1KaL5hmQ8apJWP67WhsJ1685cdtQjerc5w}",1
"{1Q3BJuu8t99i23wNF4pk8rLsKwLWWT9xvn}",1
"{1LB6eL1iGZsJVWfhDLASmU2L9o8PhEzcc7}",1
"{14RPC2uw5cWDpsLj8PXjCm4LkiQpNViDjS}",1
"{125vS1drhzddwkCAZfrMUjxMBU8xJ7Be9v}",1
"{18eFXVT8goCQPAvvTEzSJab5QB5pDdDLNx}",1
"{1QCttxVQLvJMGGR1LFsRNxHfQeNWvH6zW}",1
"{1ADEh9XUaMegTkZnU1Y1WLqcGHg6Ng6CTQ}",1
"{1MdtKc62oYkhjLvLufGcXvMz1KaYrp6p7D}",1
"{1AZ7eyuw5YucEaqvdwWCjioMRq4jdTtHEn}",1
"{1MRss2agjSaScZg2wHEvURncwxKvQE44BC}",1
"{1B4SjCEppw4jgJLLH6WHf7zzdp5gMLreqB}",1
"{1Fe5bXZdDyfQwJsfqGNTZn5b9SLd7etatT}",1
"{1M83NXYuPpjEjYt8baXYxriQNCDyfWU8i3}",1
"{1WbtRF7ZsqQjQPSXY2usAKJCBjDikDbCg}",1
"{1CmANXHMweSdJ7z6QGQvoskTMTByNQZXaU}",1
"{1DA1aQfTd1eLuTWUGnNNjjC93MERUwR2Px}",1
"{1FE32xcN5mPetyPqAcJSzSjgVeL84jEkWP}",1
"{1K4qn9vJFVMeiZ72cVbnn1QzzAJEPtrre2}",1
"{1ECKTr4hU5Cr5ix7JCGKNHRgeBhP3nSSui}",1
"{17ssaL5PDbsZswVaKNou4pGEkwP1ZeEjs7}",1
"{1Hojtyssp7qz7RwT4eKRYtP2nrZ96H3qZg}",1
"{1JKJByjqRibD5oYbLujEc3hwSgQmWb1FNU}",1
"{1CuYHGqGAaKUr71NtEC3FS7fXqWePpHbKZ}",1
"{12FnQgEWdqkKcRRM3TzW31SagyDBR776xf}",1
"{14UWPLULEXvtUz8Pc46AJTCLmFpg7FS9LN}",1
"{1G9s21qsoiMMp8xYXBRiDdiXH654pSgzsP}",1
"{16sDE6YYpCihXnAjRuSNCNNPiZo6wWEvAq}",1
"{1PxJj8iogRk8ELea4t8mobNt2LinZGZonw}",1
"{16gNsTYPz64LxXzx4hi3PEvbS1EBMa2zVr}",1
"{18wxVCTAmN5FHUwy43fb2UnMGgASVd49nS}",1
"{1EzoppkGf1MTB6U3NsaypS2Dq916EuTzn6}",1
"{1GGm1pDwN4qp3AyWfP5hsswFWiXm3TcHcw}",1
"{1F4VDvqfJuBZqdmzyagMhhZSoqYLJSfWmb}",1
"{1MHmXHCQiJ578GXCuUosvTbwa3CH8wjqgj}",1
"{1AHKr7uEemLay1AfSMaMtjMiPBUvUL9EJU}",1
"{1AQGdK9vXfvP8jN1k1bG9hGk9Dfy9gfHxP}",1
"{1BtpgJP35v9QwgEtPcKvVLs6Sc2bMD5UpA}",1
"{14SyfoJmS2gQNvLcZw1NV4RbPWL5wRChDY}",1
"{13Z9opdJAckCnLuTJ17wkWvUBbwbmeuPdG}",1
"{144eFKYQJ2hUL9hJ9v9S25X453Cbtpvej1}",1
"{18mWpTuUPiZXu8MxRzwNfKv57DQDfJ9azK}",1
"{14ujLQwtnQjnxyp7KtyHKhj8dsgoBkTwcb}",1
"{17mdKEAqspuuvtS6kcZZft7JBjscAQLjrL}",1
"{1KfY1pzLRHDPHzGjzqHyfrKmy3Z2Z4ifeW}",1
"{15aXu2EhAvpWDEcoWEcWeG73XCNe7vRjz7}",1
"{1GRwhW2XH2bv9bGFCGDcaL5jkZgxp3Zdwk}",1
"{1EEVmrKkLP7LmBVrrX9YAP3JwKVh31Covx}",1
"{1CuMuLRpEAddm5mhpz4BfGsqp1a6Tr5KYt}",1
"{1KzHfDDpPs9f11bXTU9yxu67E3Yrh5THZE}",1
"{12xkY3XezVZUsetYYxutJSUUSLQ2byyRBJ}",1
"{16kPwnKPzVhZFynr7PVNooapx14o6btrsx}",1
"{13oy8a8Ytfwue3oAR3nBG796nFNyKnmhMg}",1
"{1DQi15kCBtSYEdGqCH5F1DTZDvpj6x1W9y}",1
"{1LbwzyzGVGDzZ12r3fenoZwKfaKKR5SoUq}",1
"{1Cw2ZF6UjjSfa7ZVtRtRTb9riptMH9VY8e}",1
"{19joSY2NHVpY6r5dEsjN7XJHMQV6tmT13s}",1
"{14FQo3JR4zFg3PxX36F74SY4Vm47JFuiAw}",1
"{1EbSeUyF3DTYMgApySovqCi2JvPRqy5S42}",1
"{1E4SCH63xACNgZT6uAgAzymxx4EUepDAns}",1
"{1Fo5MU4CLnXnEhSSPgbP4J7B9ZDsa7NDuU}",1
"{1PUHb4rzzVw82vGWrTx2esTqWV34qsiLoM}",1
"{1147GrWQh7yW91kV65QP8BhFiGQQKuW3n5}",1
"{1HuY8s3zB6msu3Kv7R9TtVctReyVbyuicQ}",1
"{19X6YnufnD7zsb9GPPmseeEHmGY6ti5qzt}",1
"{1BgBX4AHDDyCNaHFUFdgn9HpUUbC4uNGuf}",1
"{1DjLXiqJr3JSJDuELpa2GS1qtwYjfca9TD}",1
"{1GGJk8DjqMSQSiGbtfJiYv8d63pq1m63Mb}",1
"{1KHDAbeA4YWdMHCj3he4sAzJXarWX7HFht}",1
"{14FMhAYUJ5CSTTTLGNZpZUWfrA4dgkakeG}",1
"{1Dsbehicbb8WmQiwMF6RMZqSh2LhrwRq82}",1
"{1DEiAbvToEZDSvsvwzTdGz6BJ6gc9Wv2PB}",1
"{1KvqosZ3B996QwPg3w51eCZvorj5gVUFet}",1
"{18BvLh5Zjma7gTa9wWLSpLjY31j4SQR5KP}",1
"{1DX4wWS6TsTS7QEBxhRDBigwUtbUUAip4i}",1
"{1EeDUzBfberCNb5AoSn1FKmZAiqegB882H}",1
"{1BhyNjRFU1Ywa6LFREPNetexsJyArcoA2p}",1
"{1B58CmceR7A9zSCtzgGp5EHy1cVT8Kg3TM}",1
"{1HYHeBkQ8fgPFEtKVkCjCouZjwEbTm2HMW}",1
"{1GwRMGzPdKmaLmwB2Gy8mm6YFAMvjrDnBs}",1
"{1J7GbwwtEtoXhrmCwBtSuuT4yZTxwdn8Rw}",1
"{1NEc9b7C1cYXXHJgpVNfzJFPrYGhDWzFn7}",1
"{1PbnSDMsTJCvtWkz5vxyC618sjA7rQzpp3}",1
"{1Ee6kAYWizdFG7bxiHY8W3NsgbCceU91U7}",1
"{179dwoQeeDyiK8fdR14Efm7rNGm14bZcfW}",1
"{18SghQmtGjDaUre3yyhsfBajeMrEDAkEtJ}",1
"{19Wem2PzT7BVyLYPxzcwULigX7ZotRoZa1}",1
"{1CpnX11iY6vxveFJFKVUN23dBvZsHvqFwQ}",1
"{1Gh2SQa7v2mMH749TNSmzi1MreC2aRQdjo}",1
"{1FomF7gPpjvmhySGWNuG33zAPq2sBCymLu}",1
"{1NPqptRx484Ntyt8SuZRPKVsekJHeYjTme}",1
"{17kEVhBMqJB67sYCJTJ4A3qfyB1MNL87MC}",1
"{18Mfsc5RVbzij1kew5HFg5nxdkDLd6knNp}",1
"{1KarHM9eLhGjNAxN28dP6EHPG6CoVHPG4C}",1
"{1ALzUKGxniXVkcdoBERpNre19257QH3R8R}",1
"{12k4mMYpaX6vgNFzL7qnFhsvy9BmHMUn1J}",1
"{13o3SLKPZkpphJGa5jcLBe4WrpMPJbrG4s}",1
"{1Ja8vLupptShzK58xaVp8yq3zJzzCEEAjj}",1
"{18Xi4fRqeCE9DcBx7h8Xcs3EpWZH9aZW5R}",1
"{19k3qpwke9NkxKoW2VExEa1ZvfqYrqGgL1}",1
"{19rW64ioQs43Xt1DiQXqqc5cwEpmWENMr7}",1
"{1NeiNq9hZxAS75HMfzYFzxnYDpSGVEPDuY}",1
"{16mxyjFfFtQxUR7tnUCfdbqkHCkhv95AFc}",1
"{1EBevRx4iG9DeLiCEQJd3xiVLvnFfEYLvx}",1
"{12wQNVBEXuynSvXivTBstqwobjbRUJiHTg}",1
"{1PVa2LdducsHXWgtAUMCrHRUhNyEgQYWNU}",1
"{1DwwPSfWQcDcnYbJi28xSPDuEbGdKP8xVT}",1
"{17ntYg99aNqjVu4HEKxZHvp7doWXY5iHa9}",1
"{1CNEZs5akS2K9WhtzrBf5vKrzh8BjwNQ8}",1
"{1ComcQszPh95J8ppMzcR2cNik9CzHnxvfu}",1
"{1DtpRU49A2obVy3EHn5fAAkJrMhaLxgres}",1
"{1KfPJQ9HSod2WUwUzr4MK4ySpNnnWK9oAy}",1
"{19XH5t4odCnzGKU8f2LWiA3uwHVJ7PM9L1}",1
"{1NZnh3sWpHWrP5TjaSJFHYLBN9jNL61RRa}",1
"{1NkXbJhkb6any5KSN9jhaEw75xpxo4FM5C}",1
"{1Nsrh7pZpz1ueSQWdRm7JHnw3Trkv79eZa}",1
"{17TmrfBEWgXhW3DC9iWw7sobsD8rUb6TMS}",1
"{1Byox5Rh3nU4kfhQNEh7812QQDsGdBqd86}",1
"{18zzMtaprqzSBuaFFxod73LZMz3Xspm2NX}",1
"{1HZFJBtpPXmpxi8v4iSrWRydkPfP77QvBT}",1
"{1PcMY64nst8n8vLjkBkPGPdp9ADvKhYuMk}",1
"{1PcM4ytXhzSubRCLvVm21BG3os7gCjDAEy}",1
"{19uRAxstbHYb7t7vAJssBBGUErXanBWXnt}",1
"{1LGfYq32BKZosBjaoK5isnXSj93VY3kBXJ}",1
"{18WWGX3vsAr4rHNJbwkvYDadswp1LSeVww}",1
"{1AFiCbx7HVarBgFBP5xH8BdwNJKTRk3mvr}",1
"{18GZDbcEWxEVxcF3u8VjEsE3b3axoxJc5c}",1
"{1CLMS4zKMkY7NymUKZYC3LcjMw8DPqXhBU}",1
"{1JMhN3hHoYotkKNGEFRytc9JgiGCaHqYUf}",1
"{13Zim8VJZTxYM8zrDH9DnjMt1hmkJR4ozn}",1
"{1Hd5zaKwM7PMTTb3kPeDdyeJK4jnnhSHqH}",1
"{1JgAxMvC4RjEtRLADCEH6YCFiBEyZgg77H}",1
"{1Kmku9uQ2ckxwFUnhqPTHdKqiJN57qBRTq}",1
"{1CBtKExFSKoePhBHuuEkSfr7f6R8qYJ4ik}",1
"{1LYVUUwkikgc6mApuqaeVfHvE2y687J43Z}",1
"{19LwEWuBDqaHHG3sCmmoXqfUi7E4v8S8Kj}",1
"{1Jzy4sUHKjCDxykXDuFCztPH27MAf59Tng}",1
"{12zWkbSTuKKe2mKgKJrrmZ5hm2xCDZJsQC}",1
"{1Dbo8TdBobq5m7GTHNNBDFZLA8Xz6isu81}",1
"{16pWYY5LnZZnZQd6cy2bJkGzic2WudBKMc}",1
"{1N9DCCacu84xok24gJcYoj2hWmfEa9gHxD}",1
"{15LVzgJ27r8utkvVh3eu11YQ61s9TvWQib}",1
"{1M8D6Z3sCPCBmSbNDqcu4DHtTsSQw4B6QF}",1
"{16XyoG3yB2SvWXFdQ2fy17sytCmf2RBk1b}",1
"{17n1uri4Eh9uLQ1XWpjed1EjUrNkYTc7eB}",1
"{1E4ZaMnkE2XAcyuFMiMKZ8xpRCUTd55SDe}",1
"{16y6pGWVqbmJxN4ADT9PAqoUctWz2WbmuL}",1
"{1NBGp3YUVwMFc3vKvHE2XLD8S3uzPN9Ujm}",1
"{13zgH2V2LBdg4hC6nemhUc6VAj2HYa1FZb}",1
"{1Ps7VKoKheZggkT49aREmxmaDzCDSS2jJJ}",1
"{1UCJ8wot2HqfEEBebANG36FTVMpwAE44r}",1
"{12zK22ydWiUWLVcG3DXZsX8crFMv82R9u6}",1
"{13RZBcRRFWoee6mMxBjB6NuB4PU6U9ZQay}",1
"{1NzQGLLzxWumfnP2he2bQhdmxu4ka5i9Uj}",1
"{1MFFrqqbHSva1VTXoLN9dVVgqS2kNVmjUY}",1
"{1N2bGYAqcZJ1nBDpFo2rhGq4kSCWDYgKsG}",1
"{1Mz8NVbYkWY1c1U8CsFKSZHa8VAzU6Fjd2}",1
"{1FeXvY7QRKXJxCgTRgtvnDUWy7bpQCpgP1}",1
"{1CBhbofpCiHeYekqqvtsD4gN7VRXyy1kV5}",1
"{14KE194E9kfxxjYCZrSCXQFuC1qfHsu4zL}",1
"{15VjFAytgecHhjZXkNkbGdiC4sUEAKxuux}",1
"{1FYuKG14vqGKpyQJDEw8id3n8JysYJuETq}",1
"{15ypJ3NZB38SWsvA2AKGd8vCTp5kjodR6a}",1
"{19kSg47CibsBZPwABbTRQN6B8porvaaWze}",1
"{1BPJSfJxCKYv7UN4n8UgoDYVi95don4TnD}",1
"{1WcrmM6iAHyoZWriGoMW2AZtFDSL8gYAU}",1
"{1Hd6C1xyNmtJMQ89BpNGFEZwkiPH54nbCN}",1
"{18ZRqw6vKj5pPff8iDaFDsfXgfkpjqiuqk}",1
"{13HPsTsERexydQNNkMPjjCPixFvxWpgPs1}",1
"{1Ni2d6ntLrza9646HmdSgymseAibe8oyKG}",1
"{1ETnvsNw3P3RA1NK9x6KCAF74c8PFmd3EB}",1
"{1NNn5Ybnk9DCiJR5ypVdrvf7WVxcqFWCc2}",1
"{14UPJZhzXV6CEty3c9RR9XkLGa4pLkEfWp}",1
"{17qvywrovR7K1WGszK4dQ1wmH4FpkiXukT}",1
"{1CsJoXHnkKrBhVhkf5W4jsGWrQF8Kt8hR7}",1
"{1DS9WQvcY6suYHpsNejLqEuwkdanXSBeiz}",1
"{1iPwrjCp5761ofo5xbAf89xaaSWZZAP7K}",1
"{1fpYNCzkX1jnmkDXVidvLH3iEsJqS1w7B}",1
"{1BHkG1zMXr2bj6HMNj5kv67pD6VSE6trDP}",1
"{16vo4KisPbHmmNXq3ekAdtMDC1oKBxsxwT}",1
"{13MjaSU6vKCNgWLB9dVi2gZ4LNeAUSokMr}",1
"{1GfYHVDVvb2g6a3mK1xDTPB3CLiZ8Gs6Jz}",1
"{1PVTFqz6ZeuwqCKnEULF2tYUBoNocNFczH}",1
"{193N9bw37LRjs26NmCSN8vERN76MnbNU2Z}",1
"{1FcomMQ1nKoVM5RfSzrB4uUSxMKWKhNB13}",1
"{1MUi4DPgYpknfPnYy6TtLPA4R3H4dYJEau}",1
"{1BF8JATdy7sB1v8XEyWH3paRnfEQKgUvZd}",1
"{1CcYTGyWVmoL9XX7UB4BxCFjkMucWLxjDR}",1
"{15eQyTL43nxzPPbLMf28UsbbXPeKKkZ8gV}",1
"{168bWbZF6VcQnVm1wBoeKWKPyhy771W6dx}",1
"{12cZEAGkTCnHmvgKP4GK1jXq36WrUkDiMh}",1
"{1EDhbqWc1u8HEQn9SRzx4dK2CC4RTubcEW}",1
"{1FXuyMgajuYWJHYNgY43bhMFjw8vprBUTD}",1
"{13N36rkC9Pbei3Z2fyNYvLd8wJwMxdXji8}",1
"{15kXk9a3LbtECeMHpWE2AqTvPcu9VTaTFp}",1
"{1HXEb9sDcGmLR29bMbTeFnvHPdeSrKZBsu}",1
"{16Zaif2w3W7JHktZqvgrnNk7up2kFi914E}",1
"{1FpnnbNyRYULiCqUWTBnpb2r9ke834EjLZ}",1
"{1FXAevqm1uTVjZYsMP1H4qsUsM6jkXmr6S}",1
"{1ZeekMuuqzDD3KNXe1Tg5pRugKEHsydWh}",1
"{1HL71LjsvspbhhKhWUyAV9XHt37s3zoy33}",1
"{1Lr9HrVPMqE6hBUor4F9bQn4oevazwGGLT}",1
"{17MKykhda15eXy9arFr6o7cPjWm5kcbK4E}",1
"{137tDrDAoh24crTwNqTcAa3HanFVupE2dB}",1
"{1HuXuo6KaUZUwRS5apbcDZz94MMgaoEBfG}",1
"{1DAeUa9K2unQzQP1zaGeuQbewV8spScf3r}",1
"{1FL7yXdVaAFPew6yFHoCBUXwmf1prHUNRo}",1
"{1QA3Ho9g5b2U31gBCQzo4b5tnJVmM8R5Kv}",1
"{166yMjKQsEFngzBr4Ds459dmtWY4hGepQ5}",1
"{1ApY6uap9fCTHZZTnJLoFg5E6a1BRokfda}",1
"{1DW18Pt3qUXmojN3BjcnXkvb3TZAHKxUvZ}",1
"{1Q2A1uvYqNNWgVSKiZSdMYb9MrVeTSdiXK}",1
"{15XVKc4MPNxeHmdfWjX5nVFdT2X9hhuxfL}",1
"{19LHsVsHVbgtevDenVb2CNTDPM5hjxsBqU}",1
"{1GovQ81qq8JyBAzcqK8T6CSUxpHf7BuFF8}",1
"{1LbsNHA5yTtUPmDozodEpvRQpBRNtuGuhu}",1
"{1Ntp9y37tWGpibxUs4jSzLkMnT4GRn9Txv}",1
"{1P4wU3HaZT2ANajv4cnC2VD8t1WVUd4eo9}",1
"{19fYob7vM6ZZb8e3cCnZXAjpPiWbPHjkDR}",1
"{1AoU2rZrCfADR3jyKKX4roksTBnXWoGe3X}",1
"{13yhUDumXgcaoSe49GUjwCPYbrcibEhCx6}",1
"{16YH8udBjRPMLGiuWrAfGDAHMTQeVX6bm2}",1
"{1AU4Bdf13bCkc2fTkyAQc4zA25kuJQbu8H}",1
"{1Eb71AB53EUWyq6LYWaFqcmEnXgj7wiYur}",1
"{1JsXconekGH1YyQLBT4GeCEv6KLWBUHBsE}",1
"{1dPwUZjv2fuWw8MCFm6UJYncQZimbHwx6}",1
"{1445gF1w48JC6Mbg5WjHphqvNPt7Axpj3M}",1
"{1NTqaT3skX1ButcNrDX9qxo9V8Z3CzdPXh}",1
"{1NmnkzfqEtaLCSjVAH3sc2cXgAREz21dk1}",1
"{13oEMXkrxQ7bzHhNNp9i2qW8ngEibt34w2}",1
"{1FdWKDQg6Zqh4s6Zc89hyAbRBAeNRUwiAz}",1
"{1NmDnGWpGysUaKRYC7QWqwYPjuNsGNa6wx}",1
"{1BPYyfxXXfNiA9AWQZPQd6LGhs9cUUEkv5}",1
"{154CfE38JJdkGK7jB7iDAXPFRGVmCSZLCb}",1
"{1PLqvqitTbafqdmfMPPT8nKaJqJTVPxZms}",1
"{13Tb67ue2X9zSb6ngopgp27DL6gV4YUPZ6}",1
"{1KHB1T89jBPGseWDb7DFug5JLktspRkasc}",1
"{1MBhjH2kLBFoYLLucjKeuVhRhfuWZRGX2G}",1
"{14uW4eDNRPUZW5MzE3Cbbsn7DkzBSTs36x}",1
"{193tqzCaEGbUDw114QwZYoLJvEoB3Ao5K8}",1
"{1Nq6H2kb95nAfZ7oH8NRm9nen11VG59tpa}",1
"{1FXjExYfwrevdn2ebud7gqzGoAnsER2j1W}",1
"{1CkwD26HPNaDBwUjQK6ZPmfpmWH1aiDHUa}",1
"{1HwF7DXbxxzvRP7U5uRqVh1jw2wzjt9mrP}",1
"{1JdJ3qFFBnXbMSyuxFosniB63RxxBGY6aj}",1
"{1HNVA4DQj3e31SxQwcYqUQJdKEaU7h3MYM}",1
"{1Js77if7NxxyE2w4UahAZv1fsa3emq2Pb7}",1
"{17zKbutfsJrhxLn5RZiWGYu2DqYbpRt2AL}",1
"{1QH52jLJDaD8zYeaZDM4M687z4FpdX7CZZ}",1
"{1GecZMfEtpWgEZaWXyGyehmuzXKCW9DhGL}",1
"{1AyBaDLN3rgHKTcXh5jceqUNNSCwrjWJ7}",1
"{1BcxSeU1ghEa2S5MCLRSbzUTEbiFkP7Tfg}",1
"{1JyxrkELCNMECqLkE57jEFMX5otmGgcBSZ}",1
"{1NMVXwfpZpvG8DECiv1KjFKvuUzVLS8FQ2}",1
"{1A2VrTUtBHg4ZA7mEv3YEEBNhfVgZmsdsN}",1
"{19Z2S2rGAuU93ShKvRguQdP1tZ2wh4emfp}",1
"{1ECtyMAbqHhsmyWqvPVE6cbPjNDUgwh7f2}",1
"{18Ug2QUiEKqZTtFjpR6iui5oRP8Q4SkG4q}",1
"{1G7QEjGLsZhJmwCoWjGc2pYXUNMtAquSes}",1
"{1AfnpkhYunFmZWb7tw2vwgc3DB99CU9HzM}",1
"{12Lk5fHNJiR1YVR7aEHyF69fXqSnFcJUxb}",1
"{1PgE9vt9sfCyFj4rmL8uL9WqM2BqMXeE25}",1
"{1B7Tjwf2VKPSUx6Cf7woKdgJ5auvzXgSew}",1
"{1P1yJN9BkUEPhqQ4s6umLJiSnKJfrff7XH}",1
"{1FpwqB5eR3v1rNvBHhG25uneZVe4CBNqp6}",1
"{1D5NxztvrVSsBA5Yc9RCZJWQYJ5MgC7N8z}",1
"{1EyNoagZyGi9G4ntcgyT3rZa2vy3qyTpVn}",1
"{1aX2zTKBnZrtxGpPA8j77V2FfCn1EGSib}",1
"{1BQqNrGCeMK6uFfQ4PrQ3bXZqzaYbpDy76}",1
"{1Ai8sfxU2E99WiCdwHodRXBjA8rvtiBfLF}",1
"{1CKbDAqne5Y5NZkYG9uXoEoFxxwfL5f192}",1
"{1DDtqaaQMNf1mCztprvwSMXMg21t8GiwHg}",1
"{16zenZ1MCjchhEN9v1cJ3wz7yMqvCZftbx}",1
"{1BBAoHPsTwHRTDWWyZGKoshw6FfSpEiyr2}",1
"{16Vn4aq2d7TXE4XqyQ5dbcZGTHAQhWZn8U}",1
"{18CgGQm7gi8XNeJfcyWQnzXGyzB5HY5Sr}",1
"{1CnLpveGjnL3T1a9h2N7ekZLQM9odjuxDr}",1
"{12i8GBDDLx93AnCdsGQTdN46EcDAz39vXa}",1
"{1HYsM31uGzShVJzkAbVbCTwyCRNzk7xAcG}",1
"{1Lm23UB6oaiAazN5toNp18N2EuVSvFwm78}",1
"{14y9mdPgoHKW4jAGniWiKJa1dHsKoMHnr9}",1
"{1HNiqcy59y3toikWoECd73XP8DJxGJ2sxU}",1
"{1DukvSVnaeGxYArhJcCVNbXZgxFjdJzNUx}",1
"{1WWPwBRyUxs9qCKmf1QWQU1wsZbk8bGJg}",1
"{1CxRjCpiXe1wW62GrKMQvE7mQ47eqYJ2UR}",1
"{1C1PtDix6Qpr6SjQ6r9KvekWzSKbaVw4UF}",1
"{18w41e49sSx3eSzm26L6iZ3rL9BAvzsF2u}",1
"{1HASDyP1vzmh5Va7vdE9bJtKAs7RLnPhq1}",1
"{128ApausYAG5hCiRjzY5sKnaLAU7YSavC3}",1
"{1M4A5HRARXyfMQgDWjSzQCpKqkMuCAHQdU}",1
"{1EddPDLLdVn28FquRCaiV1Gk9DKPxyTRnU}",1
"{14GkLnmsjpsDUY7UJvPFy5BG1cUPLpiTCR}",1
"{185QPodi3zaSVtBjEGAALKT2sdycWxrByv}",1
"{1EHjcjsP17zPNHMWT9tAZ5X39AZUTVGwEQ}",1
"{1MDf3iwRESRcNAvcJqbMf7VXVoejUUzn6T}",1
"{1De2hmHPVfGnCTUKcmTeghnR1PX9KvxkbD}",1
"{1Gry7e5ACm6iXr3Gn8idgZ1x5Q8L43kkA7}",1
"{195phaUWwSq6CEiL8avFs89FjktWbnAUq4}",1
"{13envUEGi1d2PdErDVu8Wym7jcDh1YwgqK}",1
"{1H2rvLTArfMTNsWK7U4tNqvN9V5K5cDZaF}",1
"{1Nb7ULYgbkLH8Agx8AopVMVAEjnXHzTBSm}",1
"{1Lr5vY8SD8wC5UoGmFW1MiWcXSzFj7sKcj}",1
"{1Pc4r1wBWRXmJiEBQWPrw9pTdF5srESZLP}",1
"{1GET3HUUucNJbynop4V3YXDsXNw1gW2jKB}",1
"{12yzWvwsqkW6bAUY4pN2mrUmQo6hRjXujb}",1
"{1Dnyz1TqkEWGZdowH1KjdaRGQXrUWeG9Xy}",1
"{1My2nTaiG7bbtBdjUUw8huReufaoVRwLeT}",1
"{1JDaYbuQD7PWvKhM3y9UbpemkHc4kybFxP}",1
"{1AXNQvRxpLXLF2z3WrrREq3LHgdbpsAm38}",1
"{1Bi2JWqZgZuVGgWT998v5WA9hX8zR3RKwi}",1
"{1GARaX1nng9n8SboqvAgABj7UG4tGoCRD8}",1
"{1JF5wnR7mPLR2Cga3LUQ5XDwv6XuBC6vDr}",1
"{1MwCwmKezKDkVeJo6XB3wgZAoxebWpRXCb}",1
"{14ETSyJ5Mvi3nXvX8HUjhhr3LSzwqb38Qa}",1
"{1AK3bMYn9pzndzKLeREE7bKvAuRyVd5f61}",1
"{19sUq7btf49S4gMBKES4NUa5ez8dZqX84N}",1
"{1Bkq2Fu1VZCG9c9hgTahV6yAkC4Rmm8ypG}",1
"{1KiJiDFptxgogXb6iMfvsQ3bdfaZrUXuFs}",1
"{1EoQAfpDVHAgbkNqAh4odyuaiyAo3csU5X}",1
"{199K1rKLpCZXwLae2C6QvFa2jYMN5LFcPg}",1
"{125FCpENaKRu95psPP8gETM9u2EmvfAhF2}",1
"{15A33N6NYFZXxB7xhhDZ83i2ATXoczBMKL}",1
"{18cB3t3ob1HhoFALSqqQPpnyVs7A8pvPsC}",1
"{1JowuBwNg3GnhNTDny4zcE2rZtm2khL2oJ}",1
"{1KVy4ADmBt52JgQnrKEui7D9Ka2J6XsXir}",1
"{1Pv5FYte855Ew8RDTeaqhKXFipJ28DrPte}",1
"{18P5UpeD5Dn9F9r2G79KXzwWvdE9Jmxvx}",1
"{1B7nB4Uesa7Td5xHEko7GA7WyVdNhUCHHC}",1
"{172fBq95Vw5qzR6TpNQDCjuj6Q3EiCPw7V}",1
"{1fkey8rWjxhxgSaKscEfSHrENqz595nGq}",1
"{14H4ZyQVM39jCJHyPaYtJ1uay45PuzxyHS}",1
"{16LVKAnvfKgujUBU1PYSisoi33YDeA141d}",1
"{1CRT39Np5hGd3mBLSyewjJ2yB9WHmNpR3P}",1
"{1CB5MFBw8hNLq7fnBAnYMXmCYwv8AYCpnv}",1
"{13LDpTY8c74hBvxiSEJKaMQg8zmzYJ74rS}",1
"{13B4z9sf3NcwopkcX2ZHz1eu67XgtHr3yR}",1
"{17Lx64PZ7uEV3owFgPTAUA8tcA8Quhi4zf}",1
"{16PDrs2uZncAcW95uo9bCiKqR6wc2kWpun}",1
"{1C4DD4Uzast5jLALkc22vy8TVccjbeRMkt}",1
"{16ffTM4mix7CWRjAF4WEgeRTWoMifyarkN}",1
"{18Aos3Rx72XdfZVRo6TmYGHYvkjGYRFy4H}",1
"{1GDhTJf2NYNvs7Cf3zFhGtvp8PFArC4UnV}",1
"{1JRZwX3cmQxtDvCvmoova2j2ZXaX4V8Ekq}",1
"{1PHq99kxUC9PNd8jYfvZ6K5ov3oGw3LfpV}",1
"{1FLUcg2mLX5JEe5uePUJfrUPwzTrBceUae}",1
"{16p1aBpxfAcW4R5MabhBjfGbEosdT3SHfq}",1
"{1PFr6CqUrkjfdmeMm5HpUdwDYAAT6NJpi2}",1
"{187Fwi9MGJ4N31hcY6YNK8L152C755HmqU}",1
"{1L4ypAukN5qmh4B8f6jVE5xu7yiUBveGrf}",1
"{1MCPK5yQZnPBCYFDLsDtuHxxqDyAqoYtMG}",1
